<?xml version="1.0" encoding="UTF-8"?>
<metadata xml:lang="es"><Esri><CreaDate>20190528</CreaDate><CreaTime>16222900</CreaTime><ArcGISFormat>1.0</ArcGISFormat><SyncOnce>FALSE</SyncOnce><DataProperties><lineage><Process ToolSource="c:\program files (x86)\arcgis\desktop10.1\ArcToolbox\Toolboxes\Data Management Tools.tbx\DefineProjection" Date="20190528" Time="162229">DefineProjection Chile_tp_R1 GEOGCS['GCS_WGS_1984',DATUM['D_WGS_1984',SPHEROID['WGS_1984',6378137.0,298.257223563]],PRIMEM['Greenwich',0.0],UNIT['Degree',0.0174532925199433]]</Process><Process ToolSource="c:\program files (x86)\arcgis\desktop10.1\ArcToolbox\Toolboxes\Data Management Tools.tbx\Merge" Date="20190528" Time="165240">Merge Chile_tp_R1;Chile_tp_R2;Chile_tp_R3;Chile_tp_R4;Chile_tp_R5;Chile_tp_R6;Chile_tp_R7;Chile_tp_R8;Chile_tp_R9;Chile_tp_R10;Chile_tp_R11;Chile_tp_R12;Chile_tp_R13;Chile_tp_R14;Chile_tp_R15 C:\Users\JLeonT@iingen.unam.mx\Desktop\Est_Riesgo-Chile\TMD_Chile\TDM1\Chile_tp_all_regions.shp "VALFIS "VALFIS" true true false 20 Double 0 0 ,First,#,Chile_tp_R1,VALFIS,-1,-1,Chile_tp_R2,VALFIS,-1,-1,Chile_tp_R3,VALFIS,-1,-1,Chile_tp_R4,VALFIS,-1,-1,Chile_tp_R5,VALFIS,-1,-1,Chile_tp_R6,VALFIS,-1,-1,Chile_tp_R7,VALFIS,-1,-1,Chile_tp_R8,VALFIS,-1,-1,Chile_tp_R9,VALFIS,-1,-1,Chile_tp_R10,VALFIS,-1,-1,Chile_tp_R11,VALFIS,-1,-1,Chile_tp_R12,VALFIS,-1,-1,Chile_tp_R13,VALFIS,-1,-1,Chile_tp_R14,VALFIS,-1,-1,Chile_tp_R15,VALFIS,-1,-1;VALHUM "VALHUM" true true false 20 Double 0 0 ,First,#,Chile_tp_R1,VALHUM,-1,-1,Chile_tp_R2,VALHUM,-1,-1,Chile_tp_R3,VALHUM,-1,-1,Chile_tp_R4,VALHUM,-1,-1,Chile_tp_R5,VALHUM,-1,-1,Chile_tp_R6,VALHUM,-1,-1,Chile_tp_R7,VALHUM,-1,-1,Chile_tp_R8,VALHUM,-1,-1,Chile_tp_R9,VALHUM,-1,-1,Chile_tp_R10,VALHUM,-1,-1,Chile_tp_R11,VALHUM,-1,-1,Chile_tp_R12,VALHUM,-1,-1,Chile_tp_R13,VALHUM,-1,-1,Chile_tp_R14,VALHUM,-1,-1,Chile_tp_R15,VALHUM,-1,-1;SE_SISMO "SE_SISMO" true true false 40 Text 0 0 ,First,#,Chile_tp_R1,SE_SISMO,-1,-1,Chile_tp_R2,SE_SISMO,-1,-1,Chile_tp_R3,SE_SISMO,-1,-1,Chile_tp_R4,SE_SISMO,-1,-1,Chile_tp_R5,SE_SISMO,-1,-1,Chile_tp_R6,SE_SISMO,-1,-1,Chile_tp_R7,SE_SISMO,-1,-1,Chile_tp_R8,SE_SISMO,-1,-1,Chile_tp_R9,SE_SISMO,-1,-1,Chile_tp_R10,SE_SISMO,-1,-1,Chile_tp_R11,SE_SISMO,-1,-1,Chile_tp_R12,SE_SISMO,-1,-1,Chile_tp_R13,SE_SISMO,-1,-1,Chile_tp_R14,SE_SISMO,-1,-1,Chile_tp_R15,SE_SISMO,-1,-1;NUMEDIF "NUMEDIF" true true false 20 Double 0 0 ,First,#,Chile_tp_R1,NUMEDIF,-1,-1,Chile_tp_R2,NUMEDIF,-1,-1,Chile_tp_R3,NUMEDIF,-1,-1,Chile_tp_R4,NUMEDIF,-1,-1,Chile_tp_R5,NUMEDIF,-1,-1,Chile_tp_R6,NUMEDIF,-1,-1,Chile_tp_R7,NUMEDIF,-1,-1,Chile_tp_R8,NUMEDIF,-1,-1,Chile_tp_R9,NUMEDIF,-1,-1,Chile_tp_R10,NUMEDIF,-1,-1,Chile_tp_R11,NUMEDIF,-1,-1,Chile_tp_R12,NUMEDIF,-1,-1,Chile_tp_R13,NUMEDIF,-1,-1,Chile_tp_R14,NUMEDIF,-1,-1,Chile_tp_R15,NUMEDIF,-1,-1;REGION "REGION" true true false 20 Double 0 0 ,First,#,Chile_tp_R1,REGION,-1,-1,Chile_tp_R2,REGION,-1,-1,Chile_tp_R3,REGION,-1,-1,Chile_tp_R4,REGION,-1,-1,Chile_tp_R5,REGION,-1,-1,Chile_tp_R6,REGION,-1,-1,Chile_tp_R7,REGION,-1,-1,Chile_tp_R8,REGION,-1,-1,Chile_tp_R9,REGION,-1,-1,Chile_tp_R10,REGION,-1,-1,Chile_tp_R11,REGION,-1,-1,Chile_tp_R12,REGION,-1,-1,Chile_tp_R13,REGION,-1,-1,Chile_tp_R14,REGION,-1,-1,Chile_tp_R15,REGION,-1,-1"</Process><Process ToolSource="c:\program files (x86)\arcgis\desktop10.1\ArcToolbox\Toolboxes\Data Management Tools.tbx\CalculateField" Date="20190827" Time="133810">CalculateField Chile_tp_all_regions REGION2 [REGION] VB #</Process><Process ToolSource="c:\program files (x86)\arcgis\desktop10.1\ArcToolbox\Toolboxes\Data Management Tools.tbx\CalculateField" Date="20190827" Time="133941">CalculateField Chile_tp_all_regions REGION [REGION2] VB #</Process></lineage><itemProps><itemName Sync="TRUE">Chile_tp_all_regions</itemName><imsContentType Sync="TRUE">002</imsContentType><itemSize Sync="TRUE">0.000</itemSize><itemLocation><linkage Sync="TRUE">file://\\ISS132S000A178W\C$\Users\JLeonT@iingen.unam.mx\Desktop\Est_Riesgo-Chile\TMD_Chile\TDM1\Chile_tp_all_regions.shp</linkage><protocol Sync="TRUE">Local Area Network</protocol></itemLocation></itemProps><coordRef><type Sync="TRUE">Geographic</type><geogcsn Sync="TRUE">GCS_WGS_1984</geogcsn><csUnits Sync="TRUE">Angular Unit: Degree (0.017453)</csUnits><peXml Sync="TRUE">&lt;GeographicCoordinateSystem xsi:type='typens:GeographicCoordinateSystem' xmlns:xsi='http://www.w3.org/2001/XMLSchema-instance' xmlns:xs='http://www.w3.org/2001/XMLSchema' xmlns:typens='http://www.esri.com/schemas/ArcGIS/10.1'&gt;&lt;WKT&gt;GEOGCS[&amp;quot;GCS_WGS_1984&amp;quot;,DATUM[&amp;quot;D_WGS_1984&amp;quot;,SPHEROID[&amp;quot;WGS_1984&amp;quot;,6378137.0,298.257223563]],PRIMEM[&amp;quot;Greenwich&amp;quot;,0.0],UNIT[&amp;quot;Degree&amp;quot;,0.0174532925199433],AUTHORITY[&amp;quot;EPSG&amp;quot;,4326]]&lt;/WKT&gt;&lt;XOrigin&gt;-400&lt;/XOrigin&gt;&lt;YOrigin&gt;-400&lt;/YOrigin&gt;&lt;XYScale&gt;11258999068426.238&lt;/XYScale&gt;&lt;ZOrigin&gt;-100000&lt;/ZOrigin&gt;&lt;ZScale&gt;10000&lt;/ZScale&gt;&lt;MOrigin&gt;-100000&lt;/MOrigin&gt;&lt;MScale&gt;10000&lt;/MScale&gt;&lt;XYTolerance&gt;8.983152841195215e-009&lt;/XYTolerance&gt;&lt;ZTolerance&gt;0.001&lt;/ZTolerance&gt;&lt;MTolerance&gt;0.001&lt;/MTolerance&gt;&lt;HighPrecision&gt;true&lt;/HighPrecision&gt;&lt;LeftLongitude&gt;-180&lt;/LeftLongitude&gt;&lt;WKID&gt;4326&lt;/WKID&gt;&lt;LatestWKID&gt;4326&lt;/LatestWKID&gt;&lt;/GeographicCoordinateSystem&gt;</peXml></coordRef></DataProperties><SyncDate>20190528</SyncDate><SyncTime>16523300</SyncTime><ModDate>20190528</ModDate><ModTime>16523300</ModTime></Esri><dataIdInfo><envirDesc Sync="TRUE">Microsoft Windows 7 Version 6.1 (Build 7601) Service Pack 1; Esri ArcGIS 10.1.0.3035</envirDesc><dataLang><languageCode value="spa" Sync="TRUE"></languageCode><countryCode value="MEX" Sync="TRUE"></countryCode></dataLang><idCitation><resTitle Sync="TRUE">Chile_tp_all_regions</resTitle><presForm><PresFormCd value="005" Sync="TRUE"></PresFormCd></presForm></idCitation><spatRpType><SpatRepTypCd value="001" Sync="TRUE"></SpatRepTypCd></spatRpType></dataIdInfo><mdLang><languageCode value="spa" Sync="TRUE"></languageCode><countryCode value="MEX" Sync="TRUE"></countryCode></mdLang><mdChar><CharSetCd value="004" Sync="TRUE"></CharSetCd></mdChar><distInfo><distFormat><formatName Sync="TRUE">Shapefile</formatName></distFormat><distTranOps><transSize Sync="TRUE">0.000</transSize></distTranOps></distInfo><mdHrLv><ScopeCd value="005" Sync="TRUE"></ScopeCd></mdHrLv><mdHrLvName Sync="TRUE">dataset</mdHrLvName><refSysInfo><RefSystem><refSysID><identCode code="4326" Sync="TRUE"></identCode><idCodeSpace Sync="TRUE">EPSG</idCodeSpace><idVersion Sync="TRUE">7.9.4</idVersion></refSysID></RefSystem></refSysInfo><spatRepInfo><VectSpatRep><geometObjs Name="Chile_tp_all_regions"><geoObjTyp><GeoObjTypCd value="002" Sync="TRUE"></GeoObjTypCd></geoObjTyp><geoObjCnt Sync="TRUE">0</geoObjCnt></geometObjs><topLvl><TopoLevCd value="001" Sync="TRUE"></TopoLevCd></topLvl></VectSpatRep></spatRepInfo><spdoinfo><ptvctinf><esriterm Name="Chile_tp_all_regions"><efeatyp Sync="TRUE">Simple</efeatyp><efeageom code="4" Sync="TRUE"></efeageom><esritopo Sync="TRUE">FALSE</esritopo><efeacnt Sync="TRUE">0</efeacnt><spindex Sync="TRUE">FALSE</spindex><linrefer Sync="TRUE">FALSE</linrefer></esriterm></ptvctinf></spdoinfo><eainfo><detailed Name="Chile_tp_all_regions"><enttyp><enttypl Sync="TRUE">Chile_tp_all_regions</enttypl><enttypt Sync="TRUE">Feature Class</enttypt><enttypc Sync="TRUE">0</enttypc></enttyp><attr><attrlabl Sync="TRUE">FID</attrlabl><attalias Sync="TRUE">FID</attalias><attrtype Sync="TRUE">OID</attrtype><attwidth Sync="TRUE">4</attwidth><atprecis Sync="TRUE">0</atprecis><attscale Sync="TRUE">0</attscale><attrdef Sync="TRUE">Internal feature number.</attrdef><attrdefs Sync="TRUE">Esri</attrdefs><attrdomv><udom Sync="TRUE">Sequential unique whole numbers that are automatically generated.</udom></attrdomv></attr><attr><attrlabl Sync="TRUE">Shape</attrlabl><attalias Sync="TRUE">Shape</attalias><attrtype Sync="TRUE">Geometry</attrtype><attwidth Sync="TRUE">0</attwidth><atprecis Sync="TRUE">0</atprecis><attscale Sync="TRUE">0</attscale><attrdef Sync="TRUE">Feature geometry.</attrdef><attrdefs Sync="TRUE">Esri</attrdefs><attrdomv><udom Sync="TRUE">Coordinates defining the features.</udom></attrdomv></attr><attr><attrlabl Sync="TRUE">VALFIS</attrlabl><attalias Sync="TRUE">VALFIS</attalias><attrtype Sync="TRUE">Double</attrtype><attwidth Sync="TRUE">19</attwidth><atprecis Sync="TRUE">0</atprecis><attscale Sync="TRUE">0</attscale></attr><attr><attrlabl Sync="TRUE">VALHUM</attrlabl><attalias Sync="TRUE">VALHUM</attalias><attrtype Sync="TRUE">Double</attrtype><attwidth Sync="TRUE">19</attwidth><atprecis Sync="TRUE">0</atprecis><attscale Sync="TRUE">0</attscale></attr><attr><attrlabl Sync="TRUE">SE_SISMO</attrlabl><attalias Sync="TRUE">SE_SISMO</attalias><attrtype Sync="TRUE">String</attrtype><attwidth Sync="TRUE">40</attwidth><atprecis Sync="TRUE">0</atprecis><attscale Sync="TRUE">0</attscale></attr><attr><attrlabl Sync="TRUE">NUMEDIF</attrlabl><attalias Sync="TRUE">NUMEDIF</attalias><attrtype Sync="TRUE">Double</attrtype><attwidth Sync="TRUE">19</attwidth><atprecis Sync="TRUE">0</atprecis><attscale Sync="TRUE">0</attscale></attr><attr><attrlabl Sync="TRUE">REGION</attrlabl><attalias Sync="TRUE">REGION</attalias><attrtype Sync="TRUE">Double</attrtype><attwidth Sync="TRUE">19</attwidth><atprecis Sync="TRUE">0</atprecis><attscale Sync="TRUE">0</attscale></attr></detailed></eainfo><mdDateSt Sync="TRUE">20190528</mdDateSt></metadata>
